claim_id,claim,scope,proof,checker,test,experiment,figure_or_table,raw_result,maturity,fresh_recheck,remaining_boundary
model,Earliest paired event DAG equals the two-coordinate transitions,two private chains; one link; paired rounds,proofs/paired-rounds.md sections 1-2,src/checker.py,tests/validation.py,36 frozen cases,main Fig. 1 and Section II,results/campaign/,proved; finite-checked,final clean whole-frontier equality,declared macro model; not CUDA or a memory-model refinement
box,Independent Cartesian duration-box worst case is the all-upper corner,fixed order; componentwise monotone durations,proofs/paired-rounds.md section 2,src/checker.py,tests/validation.py,1024 corners; 144 fixed-upper changes,main Section II,results/validation.json,proved; finite-checked; standard consequence,results/reproduction-validation.json,correlated-set control is 4 while enclosing-box corner is 5
separation,No incomparable input pair survives both paired-round maps,positive round durations,proofs/paired-rounds.md sections 3-4,independent DAG transitions,tests/validation.py,5103 pair cases,main Fig. 2,results/validation.json,proved; finite-checked,results/reproduction-validation.json,not a property of every two-dimensional max-plus switch
width,The complete paired frontier has at most k+1 states after k rounds,all paired depths; code admits depth <=12,proofs/paired-rounds.md section 5,src/checker.py,tests/validation.py,sharp depths 1-12 and all frozen cases,main Section III and Fig. 3,results/campaign/summary.json,proved; finite-checked,final clean extraction matches complete frontiers,not first polynomial two-job scheduling and not an unrestricted-width theorem
sharp,A positive rational family attains k+1 and optimum k(k+1)+1,explicit family,proofs/paired-rounds.md section 6,src/checker.py,tests/validation.py,sharp depths 1-12,main Section IV and Fig. 3,results/validation.json; results/campaign/cases/stress-04.json,proved; finite-checked,final clean equality,linear encoding growth; no workload-frequency claim
algorithm,Sorted-arm merge gives linear work per layer and quadratic total exact propagation/certificate size,paired theorem; finite code caps,proofs/paired-rounds.md section 7,src/checker.py,tests/validation.py,36 frozen cases,main Section IV,results/campaign/,proved; finite-checked,all clean certificates equal,not fastest implementation; rational operation cost is not fixed-width unit cost
reset,Either reset condition each round implies frontier width at most two,b<=p every round or a<=q every round,proofs/paired-rounds.md section 9,src/checker.py,tests/validation.py,reset family,main Section IV and Fig. 3,results/campaign/,proved; finite-checked,final clean equality,not assumed by the k+1 theorem
exchange,Lag-dependent within-entry dominance conditions are exact,strictly positive durations,proofs/paired-rounds.md section 11,independent DAG transitions,tests/exchange_conditions.py,6875 post-freeze cases,main Proposition 7,results/exchange-conditions.json,proved; finite-checked,results/reproduction-exchange-conditions.json,solver still covers both branches; no runtime claim
certificate,Reachability plus all-branch coverage certifies matching paired lower/upper makespan bounds,paired grammar and independent box,proofs/paired-rounds.md section 8,src/checker.py,tests/validation.py,36 accepted certificates,main Section V,results/campaign/certificates/,proved; finite-checked,clean extraction; resume rechecks,Python checker is not mechanized or external review
frontier-query,A checked strict antichain is the exact frontier; joint terminal deadlines follow,unchanged model; monotone terminal objectives,proofs/paired-rounds.md section 12,src/checker.py,tests/validation.py,complete-frontier oracle comparison,main Section V,results/campaign/,proved; standard Pareto consequence,final clean whole-frontier equality,not arbitrary intermediate deadlines or unrecorded objectives
negative-greedy,Scalar prefix makespan pruning can discard the optimal continuation,explicit two-round paired example,proofs/paired-rounds.md section 10,src/checker.py,tests/validation.py,optimum 14 versus pruned value 15,main example table,results/validation.json,proved; finite-checked,results/reproduction-validation.json,counterexample; not a failure-rate estimate
unrestricted-grid,Progress-grid propagation returns the exact terminal frontier over all chain-respecting link shuffles,same two chains/link; pairing removed; finite admission cap,proofs/unrestricted-grid.md,src/unrestricted_checker.py,tests/unrestricted_grid.py,36 certificates; 27 full-shuffle oracles; 25224 words; eight mutations,main Sections VI-VII; supplement Section IV and Table II,results/unrestricted-grid-validation.json; results/unrestricted-baseline.json,proved by induction; finite-checked,both final clean reports equal retained evidence,no linear unrestricted-width or general job-shop complexity claim
negative-pairing,The explicit two-round instance has paired optimum 17 and unrestricted optimum 13,six legal chain-respecting shuffles,proofs/paired-rounds.md section 13; proofs/unrestricted-grid.md,src/unrestricted_checker.py,tests/pairing_boundary.py; tests/unrestricted_grid.py,post-freeze boundary check,supplement Fig. 1,results/pairing-boundary.json,proved; finite-checked,results/reproduction-pairing-boundary.json,separate from original timing hypotheses
boundary-collection,Removing pairing improves three of 36 frozen optima; maximum observed relative reduction is 27272/658639,same deterministic synthetic inputs; broader all-shuffles grammar,proofs/unrestricted-grid.md,src/unrestricted_checker.py,tests/unrestricted_grid.py,stress-09; stress-20; stress-24,main Sections VI-VII; supplement Table II,results/unrestricted-baseline.json,measured exact finite result,final clean unrestricted outputs equal,not a population estimate or claim that pairing is usually inexpensive
source,Twelve declarations satisfy three restricted source-inspired macro contracts,conditional full-completion macros,proofs/source-boundary.md,scripts/check_source_schemas.py,scripts/check_source_schemas.py,12 declarations; 1020 words; seven mutations,supplement Table I; main Section II,results/source-schemas.json,source-attributed conditional mapping; finite-checked,final clean source-schema report equal,synthetic durations; no kernel extraction; no remote-visibility or hardware proof
empirical,All 36 paired frontiers equal complete enumeration of 26604 legal words,frozen deterministic case set,proofs/paired-rounds.md,src/checker.py,scripts/run_campaign.py,36 cases; no exclusions,main campaign table; supplement complete-case table,results/campaign/summary.json,measured exact finite result,two clean compare passes,not population breadth or superiority to a strongest general geometric solver
cost,Merge/checker implementation costs are descriptive; sorting and branch-and-bound can be faster,CPU-only small synthetic cases,README.md timing protocol,not applicable,scripts/run_campaign.py,five repeats; oracle once,main Section VI; supplement timing table,results/campaign/cases/; results/coarse-clock-observation.json,measured,exact outputs rechecked; noisy timings not equality-tested,first quantized samples retained and not interpreted
reproduction,Standalone documented commands reproduce exact scientific outputs,Python standard library; fresh extraction; no paper dependency,README.md,scripts/compare_results.py,all documented scientific commands,14 commands; two campaign comparisons,not applicable,results/reproduction-report.json,executed; exact-output rechecked,eight report/certificate comparisons and six exports equal,not formal implementation verification or independent external review
budget,The frozen scientific campaign and designated clean reproduction remain under the declared search/check/CPU/RSS ceilings,predeclared campaign through results/reproduction-report.json; excludes later duplicate review replays,research-plan.md; results/resource-accounting.json,src/budget.py,all frozen campaigns and designated clean reproduction,657715 states; 1782159 obligations; 115.041136159 CPU s; 106028 KiB peak RSS,not applicable,results/resource-accounting.json; results/post-handoff-audit.json,measured plus explicitly labeled conservative allowances,post-handoff duplicate replay separately disclosed rather than retroactively hidden,"mechanically adding duplicate post-handoff review work yields 2447983 obligations, so no all-time lifetime-under-cap claim is made"
literature-integrity,All 30 bibliography entries resolve to cited keys and audited scholarly records; declared literature quotas are met without uncited padding,frozen manuscript bibliography and declared 14-TPDS / 5-influential / 6-adjacent role tags,research-plan.md literature calibration matrix,scripts/check_bibliography.py,exact BibTeX/citation/audit key equality; type/title/venue/year/volume/issue/page matching; stable-identifier and official-URL uniqueness; quota checks,30 cited entries; 30 stable identifiers; 30 unique official URLs; 27 page-range entries; zero unresolved citations; zero duplicate identifiers,main Related Work and references,results/bibliography-integrity.json; literature/bibliography_audit.csv,source-calibrated snapshot; offline integrity checked,2026-09-19 live-record metadata repair and offline integrity pass,offline checker freezes the 2026-09-19 publisher/stable-record audit; it is not continuous network revalidation or independent expert judgment of every interpretation
repository-integrity,"The standalone artifact has no unresolved local imports, nested archives, symlinks, caches, malformed retained JSON, or nonrectangular retained CSV",delivered repository tree; static/offline checks,README.md repository contract,scripts/check_repository_integrity.py,AST syntax/import scan; duplicate-key JSON parse; CSV shape; forbidden-path scan,24 Python files; 216 JSON files after audit addition; 5 CSV files,not applicable,results/repository-integrity.json,static-checked,final clean-tree integrity pass,"not dependency security analysis, formal verification, or proof of runtime behavior"
post-handoff-audit,A duplicate clean post-handoff replay preserved every exact paired and unrestricted scientific outcome,previously delivered standalone repository; no scientific tuning,not applicable,all documented scientific checkers,13 commands plus byte comparison of final scientific tree,173369 states; 665824 obligations; 36 paired and 36 unrestricted certificates,not applicable,results/post-handoff-audit.json,executed duplicate verification,2026-09-16,separate from frozen campaign ledger; not independent peer review
