name,scholarly_or_official_url,license_or_redistribution_boundary,access_date,resource_type,acquisition_method,integration_mode,supported_claim,internals_modified
Johnson flow-shop sequencing,https://doi.org/10.1002/nav.3800010110,publisher article; not redistributed,2026-09-15,scholarly article,accessible archival/publisher full-text calibration,citation only,historical exact two/three-stage sequencing boundary,no
Akers graphical scheduling,https://doi.org/10.1287/opre.4.2.244,publisher article; not redistributed,2026-09-15,scholarly article,accessible full paper and graphical construction inspected,citation only,classical two-job progress-plane foundation; no first-tractability claim,no
Graham list-scheduling bounds,https://doi.org/10.1137/0117039,publisher article; not redistributed,2026-09-15,scholarly article,accessible full-text calibration,citation only,historical guarantee and anomaly context for priority scheduling,no
Ullman NP-complete scheduling problems,https://doi.org/10.1016/S0022-0000(75)80008-0,publisher article; not redistributed,2026-09-15,scholarly article,accessible full-text calibration,citation only,hardness boundary outside restricted scheduling families,no
Dynamic Critical-Path scheduling,https://doi.org/10.1109/71.503776,publisher article; not redistributed,2026-09-15,TPDS scholarly article,"accessible full PDF; problem, algorithm, evaluation, conclusion and representative figures inspected",citation only,processor allocation/priority contrast; own rule is not DCP,no
Task duplication in parallel program scheduling,https://doi.org/10.1109/71.722221,publisher article; not redistributed,2026-09-15,TPDS scholarly article,"accessible full PDF; method, analysis, evaluation, conclusion and figures inspected",citation only,duplication/allocation contrast,no
FASTEST scheduling,https://doi.org/10.1109/71.752781,publisher article; not redistributed,2026-09-15,TPDS scholarly article,"accessible full PDF; complexity, algorithm, experiments and conclusion inspected",citation only,low-complexity task-graph scheduling contrast,no
Parallelizing the multiprocessor scheduling problem,https://doi.org/10.1109/71.762819,publisher article; not redistributed,2026-09-19,TPDS scholarly article,IEEE full PDF rechecked; article ends on page 432 and the retained range is 414--432,citation only,scheduling-procedure parallelization contrast; no CPU-to-system speedup inference,no
HEFT and CPOP,https://doi.org/10.1109/71.993206,publisher article; not redistributed,2026-09-15,TPDS scholarly article,"accessible full PDF plus publisher text; model, algorithms, experiments, conclusion and representative figures inspected",citation only,heterogeneous processor-selection and priority contrast; own baseline is not HEFT/CPOP,no
TANH heterogeneous scheduling,https://doi.org/10.1109/TPDS.2004.1264795,publisher article; not redistributed,2026-09-15,TPDS scholarly article,"indexed publisher full text; problem, algorithm/complexity, evaluation and conclusion calibrated",citation only,duplication-based heterogeneous scheduling contrast,no
Communication contention in task scheduling,https://doi.org/10.1109/TPDS.2005.64,publisher article; not redistributed,2026-09-15,TPDS scholarly article,"accessible full PDF; model, proofs, scheduling method, experiments and conclusion inspected; one middle-page screenshot was rate-limited",citation only,communication links as explicit contended resources and practical-model boundary,no
Toward a realistic task scheduling model,https://doi.org/10.1109/TPDS.2006.40,publisher article; not redistributed,2026-09-15,TPDS scholarly article,"indexed accessible full text; model, algorithmic implications, evaluation and conclusion calibrated",citation only,richer communication-platform semantics; one-link synthetic model is not hardware realism,no
PEFT optimistic cost table scheduling,https://doi.org/10.1109/TPDS.2013.57,publisher article; not redistributed,2026-09-15,TPDS scholarly article,"indexed publisher full text; OCT mechanism, complexity, evaluation and conclusion calibrated",citation only,look-ahead heterogeneous scheduling contrast,no
ILP formulations with communication delays,https://doi.org/10.1109/TPDS.2014.2308175,publisher article; not redistributed,2026-09-15,TPDS scholarly article,"indexed publisher full text; formulations, strengthening, computational evaluation and conclusion calibrated",citation only,bounded exact task scheduling exists; certificate mechanism is a different contribution,no
List-scheduling versus cluster-scheduling,https://doi.org/10.1109/TPDS.2018.2808959,publisher article; not redistributed,2026-09-15,TPDS scholarly article,"official publisher full text; representation comparison, experiments and conclusion calibrated",citation only,broader schedule-representation contrast,no
MG-WFBP,https://doi.org/10.1109/TPDS.2021.3052862,publisher article; not redistributed,2026-09-15,TPDS scholarly article,"accessible full preprint/publisher record; cost model, optimal merge rule, implementation, evaluation and conclusion inspected",citation only,gradient-communication merging contrast,no
Sih and Lee interconnection-constrained scheduling,https://doi.org/10.1109/71.207593,publisher article; not redistributed,2026-09-15,TPDS scholarly article,publisher/archival substantive text calibrated,citation only,historical communication-constrained heterogeneous scheduling context,no
DSC scheduling,https://doi.org/10.1109/71.308533,publisher article; not redistributed,2026-09-19,TPDS scholarly article,IEEE publisher record and archival substantive text rechecked; DOI corrected to 10.1109/71.308533,citation only,historical DAG clustering/scheduling context,no
Static task-graph scheduling survey,https://doi.org/10.1145/344588.344618,publisher article; not redistributed,2026-09-15,scholarly survey,accessible survey text calibrated,citation only,terminology and taxonomy for task-graph scheduling,no
Schauer and Schwarz shared-resource job shop,https://epub.uni-bayreuth.de/id/eprint/352/,repository manuscript; not redistributed,2026-09-15,scholarly preprint,complete substantive repository manuscript inspected,citation only,broader two-job geometric algorithm; strongest nearby tractability boundary,no
ParallelKittens,https://proceedings.mlsys.org/paper_files/paper/2026/hash/ff997469ac66cf893c4183efeb22212a-Abstract-Conference.html,formal proceedings record plus arXiv:2511.13940v1 inspected; neither full text redistributed,2026-09-19,MLSys 2026 conference paper; exact source reading from arXiv v1,"formal MLSys record rechecked; full arXiv:2511.13940v1 text, primitive table, evaluations, and relevant appendix inspected",citation and independently written restricted macro declarations,source-inspired compute/transfer/synchronization motifs; no device claims,no
SCCL,https://doi.org/10.1145/3437801.3441620,publisher article; not redistributed,2026-09-15,adjacent-venue scholarly article,"accessible full paper calibrated across model, synthesis, evaluation and conclusion",citation only,collective-algorithm synthesis decision contrast,no
TACCL,https://arxiv.org/abs/2111.04867,arXiv non-exclusive distribution; not redistributed,2026-09-15,adjacent-venue scholarly paper,"full accessible paper calibrated across sketch model, synthesis, implementation, evaluation and conclusion",citation only,topology/sketch-guided collective synthesis contrast,no
GC3,https://arxiv.org/abs/2201.11840,arXiv non-exclusive distribution; not redistributed,2026-09-15,adjacent-venue scholarly paper,full accessible paper calibrated across language/compiler mechanism and GPU evaluation,citation only,collective compiler contrast; no compiler or GPU claim,no
FAST all-to-all GPU scheduler,https://arxiv.org/abs/2505.09764,arXiv non-exclusive distribution; not redistributed,2026-09-15,adjacent-venue scholarly paper,"full public 2026 revision calibrated across hierarchy, scheduler, implementation, evaluation and conclusion",citation only,current hierarchical all-to-all scheduling contrast,no
Verifying Integer Programming Results,https://arxiv.org/abs/1611.08832,preprint; not redistributed,2026-09-15,scholarly paper,complete substantive paper inspected,citation only,untrusted producer / exact checker architecture is established,no
Framework for Verification of Certifying Computations,https://doi.org/10.1007/s10817-013-9289-2,publisher article and author preprint; not redistributed,2026-09-16,scholarly paper,full accessible preprint calibrated; formal publisher metadata checked,citation only,checker implementation still requires a separate formal verification argument,no
TPDS author information,https://www.computer.org/csdl/journal/td/write-for-us/15085,official web page; not redistributed,2026-09-15,workflow policy,first-party browser recheck returned only a client-rendered shell,workflow evidence only; not a manuscript citation,live numerical length/anonymity/supplement/link details were not independently extractable,no
IEEE template selector,https://template-selector.ieee.org/,official web service; no replacement downloaded,2026-09-15,workflow asset selector,browser route inaccessible in this environment; supplied publisher-family assets inspected structurally,workflow evidence only,current external template route remains an external-use recheck,no
IEEE AI content guideline,https://open.ieee.org/author-guidelines-for-artificial-intelligence-ai-generated-text/,official web page; not redistributed,2026-09-15,workflow policy,first-party relevant guideline read,truthful acknowledgment; not a manuscript bibliography entry,"disclose AI-generated text/figures/images/code, system, affected sections and level of use",no
Supplied IEEEtran class and bibliography style,https://ctan.org/pkg/ieeetran,LPPL 1.3; upstream notices retained,2026-09-15,publisher-family LaTeX assets,matched user-supplied template archive and inspected structurally,unmodified copies under paper/,IEEE journal-family layout; not a claim of fresh live TPDS selection,no
Akers--Friedman nonnumerical scheduling,https://doi.org/10.1287/opre.3.4.429,publisher article; not redistributed,2026-09-19,scholarly article,publisher record and claim-relevant abstract inspected and metadata rechecked,citation only,early nonnumerical elimination in two-job production scheduling; historical boundary,no
Brucker two-job job-shop algorithm,https://doi.org/10.1007/BF02276919,publisher article; not redistributed,2026-09-19,scholarly article,publisher record and abstract inspected and metadata rechecked,citation only,two-job obstacle shortest path is solvable via an O(n log n) network reduction; no first-tractability claim,no
Mati--Xie multiresource shop scheduling,https://doi.org/10.1109/TASE.2010.2052356,publisher article; not redistributed,2026-09-19,scholarly article,publisher record and claim-relevant abstract inspected and metadata rechecked,citation only,resource flexibility and blocking extend beyond the paired-round model,no
