key,entry_type,title,year,venue,volume,number,pages,identifier,official_url,role_tags,calibration_status,metadata_check_date,claim_use,live_metadata_status,live_metadata_note
akers,article,Letter to the Editor---A Graphical Approach to Production Scheduling Problems,1956,Oper. Res.,4,2,244--245,10.1287/opre.4.2.244,https://doi.org/10.1287/opre.4.2.244,influential;direct_two_job,full_text_calibrated_in_research_plan,2026-09-19,progress-plane obstacle construction and historical boundary,publisher_or_stable_record_rechecked,Metadata rechecked against the linked publisher or stable scholarly record; this does not substitute for full-text interpretation.
akersfriedman,article,A Non-Numerical Approach to Production Scheduling Problems,1955,J. Oper. Res. Soc. Amer.,3,4,429--442,10.1287/opre.3.4.429,https://doi.org/10.1287/opre.3.4.429,direct_two_job,publisher_record_and_claim_relevant_abstract_checked,2026-09-19,early nonnumerical elimination for production schedules,publisher_or_stable_record_rechecked,Metadata rechecked against the linked publisher or stable scholarly record; this does not substitute for full-text interpretation.
alkassar,article,A Framework for the Verification of Certifying Computations,2014,J. Autom. Reason.,52,3,241--273,10.1007/s10817-013-9289-2,https://doi.org/10.1007/s10817-013-9289-2,certification,full_text_preprint_and_published_record_checked,2026-09-19,difference between a checker and formally verified checker implementation,publisher_or_stable_record_rechecked,Metadata rechecked against the linked publisher or stable scholarly record; this does not substitute for full-text interpretation.
bajaj,article,Improving Scheduling of Tasks in a Heterogeneous Environment,2004,IEEE Trans. Parallel Distrib. Syst.,15,2,107--118,10.1109/TPDS.2004.1264795,https://doi.org/10.1109/TPDS.2004.1264795,closest_tpds,full_text_calibrated_in_research_plan,2026-09-19,heterogeneous scheduling and duplication context,publisher_or_stable_record_rechecked,Metadata rechecked against the linked publisher or stable scholarly record; this does not substitute for full-text interpretation.
brucker1988,article,An Efficient Algorithm for the Job-Shop Problem with Two Jobs,1988,Computing,40,,353--359,10.1007/BF02276919,https://doi.org/10.1007/BF02276919,direct_two_job,publisher_record_and_claim_relevant_abstract_checked,2026-09-19,broader two-job obstacle shortest-path algorithm and asymptotic boundary,publisher_or_stable_record_rechecked,Metadata rechecked against the linked publisher or stable scholarly record; this does not substitute for full-text interpretation.
cheung,inproceedings,Verifying Integer Programming Results,2017,Integer Programming and Combinatorial Optimization,10328,,148--160,10.1007/978-3-319-59250-3_13,https://doi.org/10.1007/978-3-319-59250-3_13,certification,full_text_calibrated_in_research_plan,2026-09-19,independent certificate checking precedent,publisher_or_stable_record_rechecked,Metadata rechecked against the linked publisher or stable scholarly record; this does not substitute for full-text interpretation.
dcp,article,Dynamic Critical-Path Scheduling: An Effective Technique for Allocating Task Graphs to Multiprocessors,1996,IEEE Trans. Parallel Distrib. Syst.,7,5,506--521,10.1109/71.503776,https://doi.org/10.1109/71.503776,closest_tpds,full_text_calibrated_in_research_plan,2026-09-19,general task-graph critical-path scheduling,publisher_or_stable_record_rechecked,Metadata rechecked against the linked publisher or stable scholarly record; this does not substitute for full-text interpretation.
dsc,article,{DSC}: Scheduling Parallel Tasks on an Unbounded Number of Processors,1994,IEEE Trans. Parallel Distrib. Syst.,5,9,951--967,10.1109/71.308533,https://doi.org/10.1109/71.308533,closest_tpds,full_text_calibrated_in_research_plan,2026-09-19,classical task-graph scheduling context,publisher_or_stable_record_rechecked,"Corrected the DOI from 10.1109/71.308522 to the IEEE record 10.1109/71.308533; volume, issue, and pages remain 5(9):951--967."
duplication,article,On Exploiting Task Duplication in Parallel Program Scheduling,1998,IEEE Trans. Parallel Distrib. Syst.,9,9,872--892,10.1109/71.722221,https://doi.org/10.1109/71.722221,closest_tpds,full_text_calibrated_in_research_plan,2026-09-19,task duplication is outside the fixed-private-resource model,publisher_or_stable_record_rechecked,Metadata rechecked against the linked publisher or stable scholarly record; this does not substitute for full-text interpretation.
fast,inproceedings,{FAST}: An Efficient Scheduler for All-to-All {GPU} Communication,2026,23rd USENIX Symposium on Networked Systems Design and Implementation (NSDI 26),,,2515--2531,USENIX:316654,https://www.usenix.org/conference/nsdi26/presentation/lei-yiran,adjacent,full_text_calibrated_in_research_plan,2026-09-19,hierarchical all-to-all GPU scheduling boundary,publisher_or_stable_record_rechecked,Metadata rechecked against the linked publisher or stable scholarly record; this does not substitute for full-text interpretation.
fastest,article,{FASTEST}: A Practical Low-Complexity Algorithm for Compile-Time Assignment of Parallel Programs to Multiprocessors,1999,IEEE Trans. Parallel Distrib. Syst.,10,2,147--159,10.1109/71.752781,https://doi.org/10.1109/71.752781,closest_tpds,full_text_calibrated_in_research_plan,2026-09-19,low-complexity general task-graph scheduling context,publisher_or_stable_record_rechecked,Metadata rechecked against the linked publisher or stable scholarly record; this does not substitute for full-text interpretation.
gc3,article,{GC3}: An Optimizing Compiler for {GPU} Collective Communication,2022,arXiv preprint arXiv:2201.11840,,,,arXiv:2201.11840,https://arxiv.org/abs/2201.11840,adjacent,full_text_calibrated_in_research_plan,2026-09-19,collective communication compiler boundary,publisher_or_stable_record_rechecked,Metadata rechecked against the linked publisher or stable scholarly record; this does not substitute for full-text interpretation.
graham1969,article,Bounds on Multiprocessing Timing Anomalies,1969,SIAM J. Appl. Math.,17,2,416--429,10.1137/0117039,https://doi.org/10.1137/0117039,influential,full_text_calibrated_in_research_plan,2026-09-19,worst-case scheduling guarantee context,publisher_or_stable_record_rechecked,Metadata rechecked against the linked publisher or stable scholarly record; this does not substitute for full-text interpretation.
heft,article,Performance-Effective and Low-Complexity Task Scheduling for Heterogeneous Computing,2002,IEEE Trans. Parallel Distrib. Syst.,13,3,260--274,10.1109/71.993206,https://doi.org/10.1109/71.993206,closest_tpds;influential,full_text_calibrated_in_research_plan,2026-09-19,heterogeneous rank-and-assignment baseline context,publisher_or_stable_record_rechecked,Metadata rechecked against the linked publisher or stable scholarly record; this does not substitute for full-text interpretation.
ilp,article,{ILP} Formulations for Optimal Task Scheduling with Communication Delays on Parallel Systems,2015,IEEE Trans. Parallel Distrib. Syst.,26,1,142--151,10.1109/TPDS.2014.2308175,https://doi.org/10.1109/TPDS.2014.2308175,closest_tpds,full_text_calibrated_in_research_plan,2026-09-19,exact bounded-instance scheduling with communication delays,publisher_or_stable_record_rechecked,Metadata rechecked against the linked publisher or stable scholarly record; this does not substitute for full-text interpretation.
johnson1954,article,Optimal Two- and Three-Stage Production Schedules with Setup Times Included,1954,Naval Res. Logist. Quart.,1,1,61--68,10.1002/nav.3800010110,https://doi.org/10.1002/nav.3800010110,influential,full_text_calibrated_in_research_plan,2026-09-19,classical exact sequencing boundary,publisher_or_stable_record_rechecked,Metadata rechecked against the linked publisher or stable scholarly record; this does not substitute for full-text interpretation.
listcluster,article,List-Scheduling versus Cluster-Scheduling,2018,IEEE Trans. Parallel Distrib. Syst.,29,8,1736--1749,10.1109/TPDS.2018.2808959,https://doi.org/10.1109/TPDS.2018.2808959,closest_tpds,full_text_calibrated_in_research_plan,2026-09-19,broader schedule-representation comparison,publisher_or_stable_record_rechecked,Metadata rechecked against the linked publisher or stable scholarly record; this does not substitute for full-text interpretation.
matixie,article,Multiresource Shop Scheduling With Resource Flexibility and Blocking,2011,IEEE Trans. Autom. Sci. Eng.,8,1,175--189,10.1109/TASE.2010.2052356,https://doi.org/10.1109/TASE.2010.2052356,direct_two_job,publisher_record_and_claim_relevant_abstract_checked,2026-09-19,geometric multiresource/blocking extension beyond paired rounds,publisher_or_stable_record_rechecked,Metadata rechecked against the linked publisher or stable scholarly record; this does not substitute for full-text interpretation.
mgwfbp,article,{MG-WFBP}: Merging Gradients Wisely for Efficient Communication in Distributed Deep Learning,2021,IEEE Trans. Parallel Distrib. Syst.,32,8,1903--1917,10.1109/TPDS.2021.3052862,https://doi.org/10.1109/TPDS.2021.3052862,closest_tpds,full_text_calibrated_in_research_plan,2026-09-19,communication merging under a different cost model,publisher_or_stable_record_rechecked,Metadata rechecked against the linked publisher or stable scholarly record; this does not substitute for full-text interpretation.
parallelizing,article,On Parallelizing the Multiprocessor Scheduling Problem,1999,IEEE Trans. Parallel Distrib. Syst.,10,4,414--432,10.1109/71.762819,https://doi.org/10.1109/71.762819,closest_tpds,full_text_calibrated_in_research_plan,2026-09-19,parallel schedule-search context,publisher_or_stable_record_rechecked,"IEEE full-text record was rechecked; the correct inclusive page range is 414--432, so the existing pages were retained."
parallelkittens,inproceedings,{ParallelKittens}: Systematic and Practical Simplification of Multi-{GPU} {AI} Kernels,2026,Proceedings of Machine Learning and Systems,8,,,MLSys:ff997469ac66cf893c4183efeb22212a,https://proceedings.mlsys.org/paper_files/paper/2026/hash/ff997469ac66cf893c4183efeb22212a-Abstract-Conference.html,adjacent,full_text_calibrated_in_research_plan,2026-09-19,source motivation for compute/transfer/synchronization motifs,publisher_or_stable_record_rechecked,Updated the manuscript citation from the 2025 arXiv-only record to the formal PMLSys volume 8 (MLSys 2026) record; the exact modeling source inspected remains arXiv:2511.13940v1.
peft,article,List Scheduling Algorithm for Heterogeneous Systems by an Optimistic Cost Table,2014,IEEE Trans. Parallel Distrib. Syst.,25,3,682--694,10.1109/TPDS.2013.57,https://doi.org/10.1109/TPDS.2013.57,closest_tpds,full_text_calibrated_in_research_plan,2026-09-19,optimistic-cost look-ahead scheduling context,publisher_or_stable_record_rechecked,Metadata rechecked against the linked publisher or stable scholarly record; this does not substitute for full-text interpretation.
realistic,article,Toward a Realistic Task Scheduling Model,2006,IEEE Trans. Parallel Distrib. Syst.,17,3,263--275,10.1109/TPDS.2006.40,https://doi.org/10.1109/TPDS.2006.40,closest_tpds,full_text_calibrated_in_research_plan,2026-09-19,limits of idealized communication models,publisher_or_stable_record_rechecked,Metadata rechecked against the linked publisher or stable scholarly record; this does not substitute for full-text interpretation.
sccl,inproceedings,Synthesizing Optimal Collective Algorithms,2021,Proceedings of the 26th ACM SIGPLAN Symposium on Principles and Practice of Parallel Programming,,,62--75,10.1145/3437801.3441620,https://doi.org/10.1145/3437801.3441620,adjacent,full_text_calibrated_in_research_plan,2026-09-19,collective algorithm synthesis and Pareto tradeoffs,publisher_or_stable_record_rechecked,Metadata rechecked against the linked publisher or stable scholarly record; this does not substitute for full-text interpretation.
schauer,techreport,A Generalized Job-Shop Problem with More Than One Resource Demand per Task,2011,University of Bayreuth,,,,urn:nbn:de:bvb:703-opus-8381,https://epub.uni-bayreuth.de/id/eprint/352/,adjacent;direct_two_job,full_text_calibrated_in_research_plan,2026-09-19,broader two-job multiple-resource-demand geometry,publisher_or_stable_record_rechecked,Metadata rechecked against the linked publisher or stable scholarly record; this does not substitute for full-text interpretation.
sihlee,article,A Compile-Time Scheduling Heuristic for Interconnection-Constrained Heterogeneous Processor Architectures,1993,IEEE Trans. Parallel Distrib. Syst.,4,2,175--187,10.1109/71.207593,https://doi.org/10.1109/71.207593,closest_tpds,full_text_calibrated_in_research_plan,2026-09-19,interconnection-constrained heterogeneous scheduling context,publisher_or_stable_record_rechecked,Metadata rechecked against the linked publisher or stable scholarly record; this does not substitute for full-text interpretation.
sinnen,article,Communication Contention in Task Scheduling,2005,IEEE Trans. Parallel Distrib. Syst.,16,6,503--515,10.1109/TPDS.2005.64,https://doi.org/10.1109/TPDS.2005.64,closest_tpds,full_text_calibrated_in_research_plan,2026-09-19,communication contention as a scheduled resource,publisher_or_stable_record_rechecked,Metadata rechecked against the linked publisher or stable scholarly record; this does not substitute for full-text interpretation.
taccl,inproceedings,{TACCL}: Guiding Collective Algorithm Synthesis Using Communication Sketches,2023,20th USENIX Symposium on Networked Systems Design and Implementation (NSDI 23),,,593--612,USENIX:285084,https://www.usenix.org/conference/nsdi23/presentation/shah,adjacent,full_text_calibrated_in_research_plan,2026-09-19,collective synthesis guided by communication sketches,publisher_or_stable_record_rechecked,Metadata rechecked against the linked publisher or stable scholarly record; this does not substitute for full-text interpretation.
tasksurvey,article,Static Scheduling Algorithms for Allocating Directed Task Graphs to Multiprocessors,1999,ACM Comput. Surv.,31,4,406--471,10.1145/344588.344618,https://doi.org/10.1145/344588.344618,survey,full_text_calibrated_in_research_plan,2026-09-19,field taxonomy and historical coverage,publisher_or_stable_record_rechecked,Metadata rechecked against the linked publisher or stable scholarly record; this does not substitute for full-text interpretation.
ullman1975,article,{NP}-Complete Scheduling Problems,1975,J. Comput. Syst. Sci.,10,3,384--393,10.1016/S0022-0000(75)80008-0,https://doi.org/10.1016/S0022-0000(75)80008-0,influential,full_text_calibrated_in_research_plan,2026-09-19,general scheduling hardness boundary,publisher_or_stable_record_rechecked,Metadata rechecked against the linked publisher or stable scholarly record; this does not substitute for full-text interpretation.
