id,group,rounds,events,value,max_frontier,nodes,transitions,certificate_bytes,oracle_leaves,bnb_states,merge_median_us,checker_median_us,sort_median_us,oracle_us,bnb_median_us,gap_fixed12,gap_fixed21,gap_earliest-release,gap_bottom-level,gap_greedy-makespan
schema-01,source-inspired,2,8,15,2,5,6,1123,4,5,195.008,346.261,107.958,171.443,119.412,0.0,0.0,0.0,0.13333333333333333,0.0
schema-02,source-inspired,4,16,30,2,9,14,1972,16,9,330.975,525.707,210.244,923.347,160.876,0.0,0.0,0.0,0.06666666666666667,0.0
schema-03,source-inspired,6,24,44,2,13,22,2820,64,25,604.863,769.766,344.015,6425.788,358.398,0.0,0.022727272727272728,0.022727272727272728,0.022727272727272728,0.022727272727272728
schema-04,source-inspired,8,32,60,2,17,30,3668,256,43,616.429,1042.38,451.407,26658.886,574.065,0.0,0.0,0.0,0.0,0.0
schema-05,source-inspired,2,8,14,1,3,4,817,4,5,135.878,217.996,88.939,127.215,76.996,0.0,0.14285714285714285,0.0,0.14285714285714285,0.0
schema-06,source-inspired,4,16,30,2,7,10,1620,16,9,277.592,431.834,202.195,843.033,161.111,0.0,0.06666666666666667,0.0,0.1,0.0
schema-07,source-inspired,6,24,46,2,11,18,2468,64,21,436.495,762.506,288.15,5117.789,304.026,0.0,0.06521739130434782,0.0,0.08695652173913043,0.0
schema-08,source-inspired,8,32,60,2,15,26,3316,256,35,579.685,901.53,412.114,26961.528,500.014,0.0,0.03333333333333333,0.0,0.03333333333333333,0.0
schema-09,source-inspired,2,8,20,1,3,4,817,4,5,138.869,193.606,93.122,126.999,73.751,0.1,0.0,0.0,0.1,0.0
schema-10,source-inspired,4,16,44,1,5,8,1311,16,9,255.665,386.043,180.543,973.217,148.836,0.045454545454545456,0.0,0.0,0.045454545454545456,0.0
schema-11,source-inspired,6,24,67,1,7,12,1806,64,13,389.991,525.534,256.625,4999.774,244.82,0.04477611940298507,0.0,0.0,0.04477611940298507,0.0
schema-12,source-inspired,8,32,89,1,9,16,2300,256,17,503.535,682.055,352.134,27162.059,350.746,0.02247191011235955,0.0,0.0,0.02247191011235955,0.0
stress-01,sharp,3,12,13,4,10,12,2002,8,7,264.811,486.536,209.725,340.62,127.515,0.057692307692307696,0.057692307692307696,0.057692307692307696,0.0,0.057692307692307696
stress-02,sharp,5,20,31,6,21,30,4054,32,11,499.664,1098.661,416.275,2237.453,201.457,0.03024193548387097,0.03024193548387097,0.03024193548387097,0.0,0.03024193548387097
stress-03,sharp,7,28,57,8,36,56,6882,128,15,858.249,1758.722,674.455,13041.402,332.855,0.017269736842105265,0.017269736842105265,0.017269736842105265,0.0,0.017269736842105265
stress-04,sharp,12,48,157,13,91,156,17535,4096,25,2043.467,4411.823,1680.051,754850.523,654.852,0.0063663166799363055,0.0063663166799363055,0.0063663166799363055,0.0,0.0063663166799363055
stress-05,reset,3,12,41,2,7,10,1550,8,3,258.142,425.989,162.567,332.396,69.377,0.0,0.024390243902439025,0.0,0.0,0.0
stress-06,reset,5,20,64,2,11,18,2398,32,3,394.364,631.171,261.963,2087.528,108.009,0.0,0.0,0.0,0.0,0.0
stress-07,reset,7,28,92,2,15,26,3246,128,15,550.721,849.679,369.908,11969.956,294.607,0.010869565217391304,0.0,0.0,0.03260869565217391,0.0
stress-08,reset,12,48,170,2,25,46,5392,4096,25,920.84,1510.974,656.434,701464.681,532.342,0.0058823529411764705,0.0,0.0,0.03529411764705882,0.0
stress-09,compute-heavy,3,12,115,1,4,6,1070,8,5,199.591,275.425,136.206,666.126,89.569,0.034782608695652174,0.17391304347826086,0.0,0.0,0.0
stress-10,compute-heavy,5,20,198,1,6,10,1568,32,11,316.884,446.043,220.961,2044.135,188.85,0.020202020202020204,0.0,0.0,0.005050505050505051,0.0
stress-11,compute-heavy,7,28,304,1,8,14,2068,128,15,449.66,607.641,304.227,12153.805,313.078,0.0,0.013157894736842105,0.0,0.006578947368421052,0.0
stress-12,compute-heavy,12,48,534,1,13,24,3312,4096,25,723.913,1064.156,510.052,715545.756,580.187,0.028089887640449437,0.018726591760299626,0.0,0.0018726591760299626,0.0
stress-13,link-heavy,3,12,134,2,7,10,1558,8,7,260.215,391.614,162.674,399.54,111.533,0.007462686567164179,0.0,0.0,0.022388059701492536,0.0
stress-14,link-heavy,5,20,254,2,11,18,2416,32,3,404.616,641.887,273.585,2105.976,109.558,0.0,0.0,0.0,0.0,0.0
stress-15,link-heavy,7,28,325,2,15,26,3269,128,15,562.659,866.846,426.372,12473.439,279.81,0.0,0.009230769230769232,0.0,0.009230769230769232,0.0
stress-16,link-heavy,12,48,604,2,25,46,5410,4096,25,961.58,1596.365,663.538,722935.986,583.7,0.004966887417218543,0.0,0.0,0.016556291390728478,0.0
stress-17,asymmetric,3,12,80,2,6,8,1374,8,9,258.535,331.158,144.866,637.823,129.786,0.025,0.35,0.025,0.15,0.025
stress-18,asymmetric,5,20,137,2,9,14,2055,32,15,425.782,547.066,243.511,2069.11,236.871,0.12408759124087591,0.27007299270072993,0.0072992700729927005,0.0072992700729927005,0.0072992700729927005
stress-19,asymmetric,7,28,245,2,11,18,2557,128,17,488.65,751.105,370.12,12923.994,290.345,0.04081632653061224,0.24081632653061225,0.004081632653061225,0.2,0.004081632653061225
stress-20,asymmetric,12,48,358,2,18,34,4205,4096,73,851.444,1246.913,597.315,733410.912,1077.346,0.09776536312849161,0.22905027932960895,0.00558659217877095,0.20391061452513967,0.00558659217877095
stress-21,mixed-rational,3,12,7772/105,1,4,6,1106,8,7,226.747,296.739,176.885,372.228,129.782,0.0,0.02093763159126,0.0,0.02093763159126,0.0
stress-22,mixed-rational,5,20,251948/1155,2,10,16,2367,32,9,437.274,681.255,304.601,2476.815,203.72,0.0,0.044405988537317226,0.0,0.0,0.0
stress-23,mixed-rational,7,28,33513/154,3,15,26,3455,128,31,764.714,982.413,429.953,13125.427,536.643,0.0991257124101095,0.006105093545788202,0.006105093545788202,0.16332766389162415,0.006105093545788202
stress-24,mixed-rational,12,48,658639/1155,3,23,40,5256,4096,727,993.859,1538.195,694.671,783665.823,8925.155,0.04436648907823557,0.08902828408278284,0.04436648907823557,0.0453131381530702,0.04436648907823557
